name,surname,address_line1,address_line2,address_line3
Aleshia,Tomkiewicz,14 Taylor St,St. Stephens Ward,Kent
Evan,Zigomalas,5 Binney St,Abbey Ward,Buckinghamshire
France,Andrade,8 Moor Place,East Southbourne and Tuckton W,Bournemouth
Ulysses,Mcwalters,505 Exeter Rd,Hawerby cum Beesby,Lincolnshire
Tyisha,Veness,5396 Forth Street,Greets Green and Lyng Ward,West Midlands
Eric,Rampy,9472 Lind St,Desborough,Northamptonshire
Marg,Grasmick,7457 Cowl St #70,Bargate Ward,Southampton
Laquita,Hisaw,20 Gloucester Pl #96,Chirton Ward,Tyne & Wear
Lura,Manzella,929 Augustine St,Staple Hill Ward,South Gloucestershire
Yuette,Klapec,45 Bradfield St #166,Parwich,Derbyshire
Fernanda,Writer,620 Northampton St,Wilmington,Kent
Charlesetta,Erm,5 Hygeia St,Loundsley Green Ward,Derbyshire
Corrinne,Jaret,2150 Morley St,Dee Ward,Dumfries and Galloway
Niesha,Bruch,24 Bolton St,Broxburn Uphall and Winchburg,West Lothian
Rueben,Gastellum,4 Forrest St,Weston-Super-Mare,North Somerset
Michell,Throssell,89 Noon St,Carbrooke,Norfolk
Edgar,Kanne,99 Guthrie St,New Milton,Hampshire